Power,Rotational speed rpm,Torque Nm,Rotational speed rpm_2,Air temperature K,Tool wear min,Air temperature K_2,tool_wear_speed
-0.1047592347139744,-0.35713849109656604,0.2933294431309246,0.12754790182273198,-1.2687473733725734,1.5894934842331572,1.6097198974398041,-0.5676693045668532
2.8054298954270552e-05,0.00030666104106094876,0.09148308783278007,9.40409941045849e-08,-1.0003128790600746,-0.45911278053134275,1.0006258560134553,-0.00014079200324212845
0.4577882908169418,0.5123226897787428,0.8935545896174286,0.262474538462126,-1.537181867685072,-0.9438974691397358,2.362928094339766,-0.48358009026501736
-0.4466476501023353,-0.2798530527965386,1.5960077820807668,0.07831773115954223,0.9324154799899285,1.1985380901941305,0.8693986273248487,-0.33541454343376054
-0.437121075465934,-0.9561006379217788,0.4571914902348345,0.9141284298344323,-0.7855652836100878,1.1672616586710083,0.6171128148133977,-1.1160196164769847
-0.5534673762674689,-1.0527074357968131,0.525756119361444,1.1081929453819015,0.7713547834024231,-0.7406006642394419,0.5949882018777991,0.7796358262009195
-0.6448416302247006,-0.5406914070591312,1.1926241508664837,0.2923471976675831,0.23448579477742568,1.1985380901941305,0.05498358795240099,-0.6480392464010283

